name,tag,address,description,hours,phone,lat,lng,mapSource,cardLat,cardLng,notes
"Balneário Público de Alcântara","Higiene","Rua Padre Adriano Botelho 5, 1300-257 Lisboa","Serviços de duche quente, lavandaria e apoio social básico. Acesso gratuito para pessoas em situação de sem-abrigo.","08:00 — 19:00 (Seg a Sex)","911 761 897",38.7061,-9.1761,"mapServices",38.7068,-9.1784,"Coordenadas do mapa e do card não coincidem exatamente; lat/lng principais seguem mapServices."
"Cozinha Comunitária de Marvila","Alimentação","Estrada de Marvila, 1900-321 Lisboa","Fornecimento diário de refeições quentes e cabazes de emergência. Requer triagem prévia no local.","12:00 — 14:30 / 19:00 — 21:00","+351 218 310 100",38.7332,-9.1098,"mapServices",38.7464,-9.1014,"Coordenadas do mapa e do card não coincidem exatamente; lat/lng principais seguem mapServices."
"João 13 – NAL+ de São Vicente","Higiene","Calçada do Cascão 39, 1100-122 Lisboa","","","",38.7144,-9.1253,"mapServices",,,"Disponível apenas em mapServices."
"UAPSA / NPISA – SCML","Apoio Social","Cais do Gás, Rua da Cintura do Porto de Lisboa","","","",38.703,-9.1689,"mapServices",,,"Disponível apenas em mapServices."
"CASA – Centro de Apoio ao Sem Abrigo","Apoio Social","Rua Dr. João de Barros 17G, 1500-230 Lisboa","","","",38.7536,-9.1993,"mapServices",,,"Disponível apenas em mapServices."
"Exército de Salvação","Abrigo","Rua da Manutenção 7, 1900-318 Lisboa","","","",38.7273,-9.1099,"mapServices",,,"Disponível apenas em mapServices."
"Vitae – Associação para o Desenvolvimento","Abrigo","Rua de Cascais 1, 1300-145 Lisboa","","","",38.7033,-9.175,"mapServices",,,"Disponível apenas em mapServices."
"Centro de Dia Santa Isabel (Cruz Vermelha)","Apoio Social","Rua Saraiva de Carvalho 8, 1250-243 Lisboa","","","",38.7154,-9.1645,"mapServices",,,"Disponível apenas em mapServices."
"CASL – IASFA","Abrigo","Rua de São José 24, 1150-323 Lisboa","","","",38.7186,-9.1424,"mapServices",,,"Disponível apenas em mapServices."
